confirmed,requesterEmail,organizationId
TRUE,StocktonHoF@example.com,d643f08c-da43-f111-88b4-000d3a495620
TRUE,RedcarHoF@example.com,d643f08c-da43-f111-88b4-000d3a495621
TRUE,MiddlesbroughHoF@example.com,d643f08c-da43-f111-88b4-000d3a495622
TRUE,HartlepoolHoF@example.com,d643f08c-da43-f111-88b4-000d3a495623
TRUE,DarlingtonHoF@example.com,d643f08c-da43-f111-88b4-000d3a495624
TRUE,SunderlandHoF@example.com,d643f08c-da43-f111-88b4-000d3a495625
TRUE,STynesideHoF@example.com,d643f08c-da43-f111-88b4-000d3a495626
TRUE,NTynesideHoF@example.com,d643f08c-da43-f111-88b4-000d3a495627
TRUE,NewcastleHoF@example.com,d643f08c-da43-f111-88b4-000d3a495628
TRUE,GatesheadHoF@example.com,d643f08c-da43-f111-88b4-000d3a495629
TRUE,WarringtonHoF@example.com,d643f08c-da43-f111-88b4-000d3a495630
TRUE,HaltonHoF@example.com,d643f08c-da43-f111-88b4-000d3a495631
TRUE,WiganHoF@example.com,d643f08c-da43-f111-88b4-000d3a495632
TRUE,TraffordHoF@example.com,d643f08c-da43-f111-88b4-000d3a495633
TRUE,TamesideHoF@example.com,d643f08c-da43-f111-88b4-000d3a495634
TRUE,StockportHoF@example.com,d643f08c-da43-f111-88b4-000d3a495635
TRUE,SalfordHoF@example.com,d643f08c-da43-f111-88b4-000d3a495636
TRUE,RochdaleHoF@example.com,d643f08c-da43-f111-88b4-000d3a495637
TRUE,OldhamHoF@example.com,d643f08c-da43-f111-88b4-000d3a495638
TRUE,ManchesterHoF@example.com,d643f08c-da43-f111-88b4-000d3a495719
TRUE,BuryHoF@example.com,d643f08c-da43-f111-88b4-000d3a495720
TRUE,BoltonHoF@example.com,d643f08c-da43-f111-88b4-000d3a495721
TRUE,GreaterManchesterHoF@example.com,d643f08c-da43-f111-88b4-000d3a495722
TRUE,WyreHoF@example.com,d643f08c-da43-f111-88b4-000d3a495723
TRUE,WestLancashireHoF@example.com,d643f08c-da43-f111-88b4-000d3a495724
TRUE,SRibbleHoF@example.com,d643f08c-da43-f111-88b4-000d3a495725
TRUE,RossendaleHoF@example.com,d643f08c-da43-f111-88b4-000d3a495726
TRUE,RibbleValleyHoF@example.com,d643f08c-da43-f111-88b4-000d3a495727
TRUE,PrestonHoF@example.com,d643f08c-da43-f111-88b4-000d3a495728
TRUE,PendleHoF@example.com,d643f08c-da43-f111-88b4-000d3a495729
TRUE,LancasterHoF@example.com,d643f08c-da43-f111-88b4-000d3a495730
TRUE,HyndburnHoF@example.com,d643f08c-da43-f111-88b4-000d3a495731
TRUE,FyldeHoF@example.com,d643f08c-da43-f111-88b4-000d3a495732
TRUE,ChorleyHoF@example.com,d643f08c-da43-f111-88b4-000d3a495733
TRUE,BurnleyHoF@example.com,d643f08c-da43-f111-88b4-000d3a495734
TRUE,BlackpoolHoF@example.com,d643f08c-da43-f111-88b4-000d3a495735
TRUE,BlackburnHoF@example.com,d643f08c-da43-f111-88b4-000d3a495736
TRUE,LancashireHoF@example.com,d643f08c-da43-f111-88b4-000d3a495737
TRUE,WirralHoF@example.com,d643f08c-da43-f111-88b4-000d3a495738
TRUE,StHelensHoF@example.com,d643f08c-da43-f111-88b4-000d3a495739
TRUE,SeftonHoF@example.com,d643f08c-da43-f111-88b4-000d3a495740
TRUE,LiverpoolHoF@example.com,d643f08c-da43-f111-88b4-000d3a495741
TRUE,KnowsleyHoF@example.com,d643f08c-da43-f111-88b4-000d3a495742
TRUE,EastRidingYorkshireHoF@example.com,d643f08c-da43-f111-88b4-000d3a495743
TRUE,HullHoF@example.com,d643f08c-da43-f111-88b4-000d3a495744
TRUE,NELincolnshireHoF@example.com,d643f08c-da43-f111-88b4-000d3a495745
TRUE,NLincolnshireHoF@example.com,d643f08c-da43-f111-88b4-000d3a495746
TRUE,YorkHoF@example.com,d643f08c-da43-f111-88b4-000d3a495747
TRUE,SheffieldHoF@example.com,d643f08c-da43-f111-88b4-000d3a495748
TRUE,DoncasterHoF@example.com,d643f08c-da43-f111-88b4-000d3a495749
TRUE,BarnsleyHoF@example.com,d643f08c-da43-f111-88b4-000d3a495750
TRUE,LeedsHoF@example.com,d643f08c-da43-f111-88b4-000d3a495751
TRUE,KirkleesHoF@example.com,d643f08c-da43-f111-88b4-000d3a495752
TRUE,WakefieldHoF@example.com,d643f08c-da43-f111-88b4-000d3a495753
TRUE,BradfordHoF@example.com,d643f08c-da43-f111-88b4-000d3a495754
TRUE,CalderdaleHoF@example.com,d643f08c-da43-f111-88b4-000d3a495755
TRUE,DerbyHoF@example.com,d643f08c-da43-f111-88b4-000d3a495756
TRUE,SDerbyshireHoF@example.com,d643f08c-da43-f111-88b4-000d3a495757
TRUE,NEastDerbyshireHoF@example.com,d643f08c-da43-f111-88b4-000d3a495758
TRUE,HighPeakHoF@example.com,d643f08c-da43-f111-88b4-000d3a495759
TRUE,ErewashHoF@example.com,d643f08c-da43-f111-88b4-000d3a495760
TRUE,DerbyshireDalesHoF@example.com,d643f08c-da43-f111-88b4-000d3a495761
TRUE,ChesterfieldHoF@example.com,d643f08c-da43-f111-88b4-000d3a495762
TRUE,BolsoverHoF@example.com,d643f08c-da43-f111-88b4-000d3a495763
TRUE,AmberValleyHoF@example.com,d643f08c-da43-f111-88b4-000d3a495764
TRUE,DerbyshireHoF@example.com,d643f08c-da43-f111-88b4-000d3a495765
TRUE,RutlandHoF@example.com,d643f08c-da43-f111-88b4-000d3a495766
TRUE,LeicesterHoF@example.com,d643f08c-da43-f111-88b4-000d3a495767
TRUE,OadbyandWigstonHoF@example.com,d643f08c-da43-f111-88b4-000d3a495768
TRUE,NWestLeicestershireHoF@example.com,d643f08c-da43-f111-88b4-000d3a495769
TRUE,MeltonHoF@example.com,d643f08c-da43-f111-88b4-000d3a495770
TRUE,HinckleyHoF@example.com,d643f08c-da43-f111-88b4-000d3a495771
TRUE,HarHoF@example.com,d643f08c-da43-f111-88b4-000d3a495772
TRUE,CharnwoodHoF@example.com,d643f08c-da43-f111-88b4-000d3a495773
TRUE,BlabyHoF@example.com,d643f08c-da43-f111-88b4-000d3a495774
TRUE,LeicestershireHoF@example.com,d643f08c-da43-f111-88b4-000d3a495775
TRUE,WestLindseyHoF@example.com,d643f08c-da43-f111-88b4-000d3a495776
TRUE,SKestevenHoF@example.com,d643f08c-da43-f111-88b4-000d3a495777
TRUE,SHollandHoF@example.com,d643f08c-da43-f111-88b4-000d3a495778
TRUE,NKestevenHoF@example.com,d643f08c-da43-f111-88b4-000d3a495779
TRUE,LincolnHoF@example.com,d643f08c-da43-f111-88b4-000d3a495780
TRUE,EastLindseyHoF@example.com,d643f08c-da43-f111-88b4-000d3a495781
TRUE,BostonHoF@example.com,d643f08c-da43-f111-88b4-000d3a495782
TRUE,LincolnshireHoF@example.com,d643f08c-da43-f111-88b4-000d3a495783
TRUE,RushcliffeHoF@example.com,d643f08c-da43-f111-88b4-000d3a495784
TRUE,NottinghamHoF@example.com,d643f08c-da43-f111-88b4-000d3a495785
TRUE,NewarkandSherwoodHoF@example.com,d643f08c-da43-f111-88b4-000d3a495786
TRUE,MansfieldHoF@example.com,d643f08c-da43-f111-88b4-000d3a495787
TRUE,GedlingHoF@example.com,d643f08c-da43-f111-88b4-000d3a495788
TRUE,BroxtoweHoF@example.com,d643f08c-da43-f111-88b4-000d3a495789
TRUE,BassetlawHoF@example.com,d643f08c-da43-f111-88b4-000d3a495790
TRUE,AshfieldHoF@example.com,d643f08c-da43-f111-88b4-000d3a495791
TRUE,NottinghamshireHoF@example.com,d643f08c-da43-f111-88b4-000d3a495792
TRUE,WyreForestHoF@example.com,d643f08c-da43-f111-88b4-000d3a495793
TRUE,WychavonHoF@example.com,d643f08c-da43-f111-88b4-000d3a495794
TRUE,WorcesterHoF@example.com,d643f08c-da43-f111-88b4-000d3a495795
TRUE,RedditchHoF@example.com,d643f08c-da43-f111-88b4-000d3a495796
TRUE,MalvernHillsHoF@example.com,d643f08c-da43-f111-88b4-000d3a495797
TRUE,HerefordshireHoF@example.com,d643f08c-da43-f111-88b4-000d3a495798
TRUE,BromsgroveHoF@example.com,d643f08c-da43-f111-88b4-000d3a495799
TRUE,WorcestershireHoF@example.com,d643f08c-da43-f111-88b4-000d3a495800
TRUE,Telford&WrekinHoF@example.com,d643f08c-da43-f111-88b4-000d3a495801
TRUE,StokeonTrentHoF@example.com,d643f08c-da43-f111-88b4-000d3a495802
TRUE,TamworthHoF@example.com,d643f08c-da43-f111-88b4-000d3a495803
TRUE,StaffordshireMoorlandsHoF@example.com,d643f08c-da43-f111-88b4-000d3a495804
TRUE,StaffordHoF@example.com,d643f08c-da43-f111-88b4-000d3a495805
TRUE,SStaffordshireHoF@example.com,d643f08c-da43-f111-88b4-000d3a495806
TRUE,NewcastleLymeHoF@example.com,d643f08c-da43-f111-88b4-000d3a495807
TRUE,LichfieldHoF@example.com,d643f08c-da43-f111-88b4-000d3a495808
TRUE,EastStaffordshireHoF@example.com,d643f08c-da43-f111-88b4-000d3a495809
TRUE,CannockChaseHoF@example.com,d643f08c-da43-f111-88b4-000d3a495810
TRUE,StaffordshireHoF@example.com,d643f08c-da43-f111-88b4-000d3a495811
TRUE,WarwickHoF@example.com,d643f08c-da43-f111-88b4-000d3a495812
TRUE,StratfordonAvonHoF@example.com,d643f08c-da43-f111-88b4-000d3a495813
TRUE,RugbyHoF@example.com,d643f08c-da43-f111-88b4-000d3a495814
TRUE,NuneatonandBedworthHoF@example.com,d643f08c-da43-f111-88b4-000d3a495815
TRUE,NWarwickshireHoF@example.com,d643f08c-da43-f111-88b4-000d3a495816
TRUE,WarwickshireHoF@example.com,56808f0b-ff8e-f011-b4cb-000d3a28b317
TRUE,WolverhamptonHoF@example.com,56808f0b-ff8e-f011-b4cb-000d3a28b318
TRUE,WalsallHoF@example.com,56808f0b-ff8e-f011-b4cb-000d3a28b319
TRUE,SolihullHoF@example.com,56808f0b-ff8e-f011-b4cb-000d3a28b320
TRUE,SandwellHoF@example.com,56808f0b-ff8e-f011-b4cb-000d3a28b321
TRUE,DudleyHoF@example.com,56808f0b-ff8e-f011-b4cb-000d3a28b322
TRUE,CoventryHoF@example.com,56808f0b-ff8e-f011-b4cb-000d3a28b323
TRUE,BirminghamHoF@example.com,56808f0b-ff8e-f011-b4cb-000d3a28b324
TRUE,LutonHoF@example.com,56808f0b-ff8e-f011-b4cb-000d3a28b325
TRUE,SCambridgeshireHoF@example.com,56808f0b-ff8e-f011-b4cb-000d3a28b326
TRUE,PeterHoF@example.com,56808f0b-ff8e-f011-b4cb-000d3a28b327
TRUE,HuntingdonshireHoF@example.com,56808f0b-ff8e-f011-b4cb-000d3a28b328
TRUE,FenlandHoF@example.com,56808f0b-ff8e-f011-b4cb-000d3a28b329
TRUE,EastCambridgeshireHoF@example.com,56808f0b-ff8e-f011-b4cb-000d3a28b330
TRUE,CambridgeHoF@example.com,56808f0b-ff8e-f011-b4cb-000d3a28b331
TRUE,CambridgeshireHoF@example.com,56808f0b-ff8e-f011-b4cb-000d3a28b332
TRUE,ThurrockHoF@example.com,56808f0b-ff8e-f011-b4cb-000d3a28b333
TRUE,SendonSeaHoF@example.com,56808f0b-ff8e-f011-b4cb-000d3a28b334
TRUE,UttlesfordHoF@example.com,56808f0b-ff8e-f011-b4cb-000d3a28b335
TRUE,TendringHoF@example.com,56808f0b-ff8e-f011-b4cb-000d3a28b336
TRUE,RochfordHoF@example.com,56808f0b-ff8e-f011-b4cb-000d3a28b337
TRUE,MaldonHoF@example.com,56808f0b-ff8e-f011-b4cb-000d3a28b338
TRUE,HarlowHoF@example.com,56808f0b-ff8e-f011-b4cb-000d3a28b339
TRUE,EppingForestHoF@example.com,56808f0b-ff8e-f011-b4cb-000d3a28b340
TRUE,ColchesterHoF@example.com,56808f0b-ff8e-f011-b4cb-000d3a28b341
TRUE,ChelmsfordHoF@example.com,56808f0b-ff8e-f011-b4cb-000d3a28b342
TRUE,CastlePointHoF@example.com,56808f0b-ff8e-f011-b4cb-000d3a28b343
TRUE,BrentwoodHoF@example.com,56808f0b-ff8e-f011-b4cb-000d3a28b344
TRUE,BraintreeHoF@example.com,56808f0b-ff8e-f011-b4cb-000d3a28b345
TRUE,BasildonHoF@example.com,56808f0b-ff8e-f011-b4cb-000d3a28b346
TRUE,EssexHoF@example.com,56808f0b-ff8e-f011-b4cb-000d3a28b347
TRUE,WelwynHatfieldHoF@example.com,56808f0b-ff8e-f011-b4cb-000d3a28b348
TRUE,WatfordHoF@example.com,56808f0b-ff8e-f011-b4cb-000d3a28b349
TRUE,ThreeRiversHoF@example.com,56808f0b-ff8e-f011-b4cb-000d3a28b350
TRUE,StevenageHoF@example.com,56808f0b-ff8e-f011-b4cb-000d3a28b351
TRUE,StAlbansandHoF@example.com,56808f0b-ff8e-f011-b4cb-000d3a28b352
TRUE,NHertfordshireHoF@example.com,56808f0b-ff8e-f011-b4cb-000d3a28b353
TRUE,HertsmereHoF@example.com,56808f0b-ff8e-f011-b4cb-000d3a28b354
TRUE,EastHertfordshireHoF@example.com,56808f0b-ff8e-f011-b4cb-000d3a28b355
TRUE,DacorumHoF@example.com,56808f0b-ff8e-f011-b4cb-000d3a28b356
TRUE,BroxbourneHoF@example.com,56808f0b-ff8e-f011-b4cb-000d3a28b357
TRUE,HertfordshireHoF@example.com,eb01ffe7-fe8e-f011-b4cb-000d3a477d9a
TRUE,SNorfolkHoF@example.com,eb01ffe7-fe8e-f011-b4cb-000d3a477d8a
TRUE,NorwichHoF@example.com,eb01ffe7-fe8e-f011-b4cb-000d4a477d9a
TRUE,NNorfolkHoF@example.com,eb01ffe7-fe8e-f011-b4cb-000d0a477d9a
TRUE,KingsLynnandWestNorfolkHoF@example.com,eb01ffe7-fe8e-f011-b4cb-000d1a477d9a
TRUE,GreatYarmouthHoF@example.com,eb01ffe7-fe8e-f011-b4cb-000d3a677d9a
TRUE,BroadlandHoF@example.com,eb01ffe7-fe8e-f011-b4cb-000d3a487d9a
TRUE,BrecklandHoF@example.com,eb01ffe7-fe8e-f011-b4cb-000d3a470d9a
TRUE,NorfolkHoF@example.com,b2fef103-ff8e-f011-b4cc-7ced8d5a7314
TRUE,MidSuffolkHoF@example.com,b2fef103-ff8e-f011-b4cc-7ced8d5a7315
TRUE,IpswichHoF@example.com,b2fef103-ff8e-f011-b4cc-7ced8d5a7316
TRUE,BaberghHoF@example.com,b2fef103-ff8e-f011-b4cc-7ced8d5a7317
TRUE,SuffolkHoF@example.com,b2fef103-ff8e-f011-b4cc-7ced8d5a7318
TRUE,BexleyHoF@example.com,b2fef103-ff8e-f011-b4cc-7ced8d5a7319
TRUE,TowerHamletsHoF@example.com,b2fef103-ff8e-f011-b4cc-7ced8d5a7320
TRUE,CorporationHoF@example.com,b2fef103-ff8e-f011-b4cc-7ced8d5a7321
TRUE,WestminsterHoF@example.com,b2fef103-ff8e-f011-b4cc-7ced8d5a7322
TRUE,RedbridgeHoF@example.com,b2fef103-ff8e-f011-b4cc-7ced8d5a7323
TRUE,NewhamHoF@example.com,b2fef103-ff8e-f011-b4cc-7ced8d5a7324
TRUE,HaveringHoF@example.com,b2fef103-ff8e-f011-b4cc-7ced8d5a7325
TRUE,BarkingandDagenhamHoF@example.com,b2fef103-ff8e-f011-b4cc-7ced8d5a7326
TRUE,EastWasteAuthorityHoF@example.com,b2fef103-ff8e-f011-b4cc-7ced8d5a7327
TRUE,WalthamForestHoF@example.com,b2fef103-ff8e-f011-b4cc-7ced8d5a7328
TRUE,IslingtonHoF@example.com,b2fef103-ff8e-f011-b4cc-7ced8d5a7329
TRUE,HaringeyHoF@example.com,b2fef103-ff8e-f011-b4cc-7ced8d5a7330
TRUE,HackneyHoF@example.com,b2fef103-ff8e-f011-b4cc-7ced8d5a7331
TRUE,EnfieldHoF@example.com,b2fef103-ff8e-f011-b4cc-7ced8d5a7332
TRUE,CamdenHoF@example.com,b2fef103-ff8e-f011-b4cc-7ced8d5a7333
TRUE,BarnetHoF@example.com,b2fef103-ff8e-f011-b4cc-7ced8d5a7334
TRUE,NLondonHoF@example.com,b2fef103-ff8e-f011-b4cc-7ced8d5a7335
TRUE,SwarkHoF@example.com,b2fef103-ff8e-f011-b4cc-7ced8d5a7336
TRUE,LewishamHoF@example.com,b2fef103-ff8e-f011-b4cc-7ced8d5a7337
TRUE,RoyalGreenwichHoF@example.com,b2fef103-ff8e-f011-b4cc-7ced8d5a7338
TRUE,SuttonHoF@example.com,b2fef103-ff8e-f011-b4cc-7ced8d5a7339
TRUE,MertonHoF@example.com,b2fef103-ff8e-f011-b4cc-7ced8d5a7340
TRUE,RoyalKingstonuponThamesHoF@example.com,b2fef103-ff8e-f011-b4cc-7ced8d5a7341
TRUE,CroydonHoF@example.com,b2fef103-ff8e-f011-b4cc-7ced8d5a7342
TRUE,BromleyHoF@example.com,b2fef103-ff8e-f011-b4cc-7ced8d5a7343
TRUE,RichmonduponThamesHoF@example.com,b2fef103-ff8e-f011-b4cc-7ced8d5a7344
TRUE,HounslowHoF@example.com,b2fef103-ff8e-f011-b4cc-7ced8d5a7345
TRUE,HillingdonHoF@example.com,b2fef103-ff8e-f011-b4cc-7ced8d5a7346
TRUE,HarrowHoF@example.com,b2fef103-ff8e-f011-b4cc-7ced8d5a7347
TRUE,EalingHoF@example.com,b2fef103-ff8e-f011-b4cc-7ced8d5a7348
TRUE,BrentHoF@example.com,b2fef103-ff8e-f011-b4cc-7ced8d5a7349
TRUE,WestWasteAuthorityHoF@example.com,b2fef103-ff8e-f011-b4cc-7ced8d5a7350
TRUE,WandsworthHoF@example.com,b2fef103-ff8e-f011-b4cc-7ced8d5a7351
TRUE,LambethHoF@example.com,b2fef103-ff8e-f011-b4cc-7ced8d5a7352
TRUE,RoyalKensingtonandChelseaHoF@example.com,b2fef103-ff8e-f011-b4cc-7ced8d5a7353
TRUE,HammersmithHoF@example.com,b2fef103-ff8e-f011-b4cc-7ced8d5a7354
TRUE,WesternRiversideWasteAuthorityHoF@example.com,b2fef103-ff8e-f011-b4cc-7ced8d5a7355
TRUE,WokinghamHoF@example.com,b2fef103-ff8e-f011-b4cc-7ced8d5a7356
TRUE,RoyalWindsorandMaidenheadHoF@example.com,b2fef103-ff8e-f011-b4cc-7ced8d5a7357
TRUE,SloughHoF@example.com,b2fef103-ff8e-f011-b4cc-7ced8d5a7358
TRUE,ReadingHoF@example.com,b2fef103-ff8e-f011-b4cc-7ced8d5a7359
TRUE,WestBerkshireHoF@example.com,b2fef103-ff8e-f011-b4cc-7ced8d5a7360
TRUE,BracknellForestHoF@example.com,b2fef103-ff8e-f011-b4cc-7ced8d5a7361
TRUE,MiltonKeynesHoF@example.com,b2fef103-ff8e-f011-b4cc-7ced8d5a7362
TRUE,BrightonandHoveHoF@example.com,b2fef103-ff8e-f011-b4cc-7ced8d5a7363
TRUE,WealdenHoF@example.com,b2fef103-ff8e-f011-b4cc-7ced8d5a7364
TRUE,RotherHoF@example.com,b2fef103-ff8e-f011-b4cc-7ced8d5a7365
TRUE,LewesHoF@example.com,b2fef103-ff8e-f011-b4cc-7ced8d5a7366
TRUE,HastingsHoF@example.com,b2fef103-ff8e-f011-b4cc-7ced8d5a7367
TRUE,EastbourneHoF@example.com,b2fef103-ff8e-f011-b4cc-7ced8d5a7368
TRUE,EastSussexHoF@example.com,b2fef103-ff8e-f011-b4cc-7ced8d5a7369
TRUE,SamptonHoF@example.com,b2fef103-ff8e-f011-b4cc-7ced8d5a7370
TRUE,PortsmouthHoF@example.com,b2fef103-ff8e-f011-b4cc-7ced8d5a7371
TRUE,WinchesterHoF@example.com,b2fef103-ff8e-f011-b4cc-7ced8d5a7372
TRUE,TestValleyHoF@example.com,b2fef103-ff8e-f011-b4cc-7ced8d5a7373
TRUE,RushmoorHoF@example.com,b2fef103-ff8e-f011-b4cc-7ced8d5a7374
TRUE,NewForestHoF@example.com,b2fef103-ff8e-f011-b4cc-7ced8d5a7375
TRUE,HavantHoF@example.com,b2fef103-ff8e-f011-b4cc-7ced8d5a7376
TRUE,HartHoF@example.com,b2fef103-ff8e-f011-b4cc-7ced8d5a7377
TRUE,GosportHoF@example.com,b2fef103-ff8e-f011-b4cc-7ced8d5a7378
TRUE,FarehamHoF@example.com,b2fef103-ff8e-f011-b4cc-7ced8d5a7379
TRUE,EastleighHoF@example.com,b2fef103-ff8e-f011-b4cc-7ced8d5a7380
TRUE,EastHampshireHoF@example.com,b2fef103-ff8e-f011-b4cc-7ced8d5a7381
TRUE,BasingstokeandDeaneHoF@example.com,b2fef103-ff8e-f011-b4cc-7ced8d5a7382
TRUE,HampshireHoF@example.com,b2fef103-ff8e-f011-b4cc-7ced8d5a7383
TRUE,IsleWightHoF@example.com,b2fef103-ff8e-f011-b4cc-7ced8d5a7384
TRUE,TunbridgeWellsHoF@example.com,b2fef103-ff8e-f011-b4cc-7ced8d5a7385
TRUE,TonbridgeandMallingHoF@example.com,b2fef103-ff8e-f011-b4cc-7ced8d5a7386
TRUE,ThanetHoF@example.com,b2fef103-ff8e-f011-b4cc-7ced8d5a7387
TRUE,SwaleHoF@example.com,b2fef103-ff8e-f011-b4cc-7ced8d5a7388
TRUE,FolkestoneandHytheHoF@example.com,b2fef103-ff8e-f011-b4cc-7ced8d5a7389
TRUE,SevenoaksHoF@example.com,b2fef103-ff8e-f011-b4cc-7ced8d5a7390
TRUE,MedwayHoF@example.com,b2fef103-ff8e-f011-b4cc-7ced8d5a7391
TRUE,MaidstoneHoF@example.com,b2fef103-ff8e-f011-b4cc-7ced8d5a7392
TRUE,GraveshamHoF@example.com,b2fef103-ff8e-f011-b4cc-7ced8d5a7393
TRUE,DoverHoF@example.com,b2fef103-ff8e-f011-b4cc-7ced8d5a7394
TRUE,DartfordHoF@example.com,b2fef103-ff8e-f011-b4cc-7ced8d5a7395
TRUE,CanterburyHoF@example.com,b2fef103-ff8e-f011-b4cc-7ced8d5a7396
TRUE,AshfordHoF@example.com,b2fef103-ff8e-f011-b4cc-7ced8d5a7397
TRUE,KentHoF@example.com,b2fef103-ff8e-f011-b4cc-7ced8d5a7398
TRUE,WestOxfordshireHoF@example.com,b2fef103-ff8e-f011-b4cc-7ced8d5a7399
TRUE,ValeWhiteHorseHoF@example.com,b2fef103-ff8e-f011-b4cc-7ced8d5a7400
TRUE,SOxfordshireHoF@example.com,b2fef103-ff8e-f011-b4cc-7ced8d5a7401
TRUE,OxfordHoF@example.com,b2fef103-ff8e-f011-b4cc-7ced8d5a7402
TRUE,CherwellHoF@example.com,b2fef103-ff8e-f011-b4cc-7ced8d5a7403
TRUE,OxfordshireHoF@example.com,b2fef103-ff8e-f011-b4cc-7ced8d5a7404
TRUE,WokingHoF@example.com,b2fef103-ff8e-f011-b4cc-7ced8d5a7405
TRUE,WaverleyHoF@example.com,b2fef103-ff8e-f011-b4cc-7ced8d5a7406
TRUE,TandridgeHoF@example.com,b2fef103-ff8e-f011-b4cc-7ced8d5a7407
TRUE,SurreyHeathHoF@example.com,b2fef103-ff8e-f011-b4cc-7ced8d5a7408
TRUE,SpelthorneHoF@example.com,b2fef103-ff8e-f011-b4cc-7ced8d5a7409
TRUE,RunnymedeHoF@example.com,b2fef103-ff8e-f011-b4cc-7ced8d5a7410
TRUE,ReigateandBansteadHoF@example.com,b2fef103-ff8e-f011-b4cc-7ced8d5a7411
TRUE,MoleValleyHoF@example.com,b2fef103-ff8e-f011-b4cc-7ced8d5a7412
TRUE,GuildfordHoF@example.com,b2fef103-ff8e-f011-b4cc-7ced8d5a7413
TRUE,EpsomandEwellHoF@example.com,b2fef103-ff8e-f011-b4cc-7ced8d5a7414
TRUE,ElmbridgeHoF@example.com,b2fef103-ff8e-f011-b4cc-7ced8d5a7415
TRUE,SurreyHoF@example.com,b2fef103-ff8e-f011-b4cc-7ced8d5a7416
TRUE,WorthingHoF@example.com,b2fef103-ff8e-f011-b4cc-7ced8d5a7417
TRUE,MidSussexHoF@example.com,b2fef103-ff8e-f011-b4cc-7ced8d5a7418
TRUE,HorshamHoF@example.com,b2fef103-ff8e-f011-b4cc-7ced8d5a7419
TRUE,CrawleyHoF@example.com,b2fef103-ff8e-f011-b4cc-7ced8d5a7420
TRUE,ChichesterHoF@example.com,b2fef103-ff8e-f011-b4cc-7ced8d5a7421
TRUE,ArunHoF@example.com,b2fef103-ff8e-f011-b4cc-7ced8d5a7422
TRUE,AdurHoF@example.com,b2fef103-ff8e-f011-b4cc-7ced8d5a7423
TRUE,WestSussexHoF@example.com,b2fef103-ff8e-f011-b4cc-7ced8d5a7424
TRUE,IslesScillyHoF@example.com,b2fef103-ff8e-f011-b4cc-7ced8d5a7425
TRUE,BathandNEastSomersetHoF@example.com,b2fef103-ff8e-f011-b4cc-7ced8d5a7426
TRUE,BristolHoF@example.com,b2fef103-ff8e-f011-b4cc-7ced8d5a7427
TRUE,WestDevonHoF@example.com,b2fef103-ff8e-f011-b4cc-7ced8d5a7428
TRUE,TorridgeHoF@example.com,b2fef103-ff8e-f011-b4cc-7ced8d5a7429
TRUE,TorbayHoF@example.com,b2fef103-ff8e-f011-b4cc-7ced8d5a7430
TRUE,TeignbridgeHoF@example.com,b2fef103-ff8e-f011-b4cc-7ced8d5a7431
TRUE,SHamsHoF@example.com,b2fef103-ff8e-f011-b4cc-7ced8d5a7432
TRUE,PlymouthHoF@example.com,b2fef103-ff8e-f011-b4cc-7ced8d5a7433
TRUE,NDevonHoF@example.com,b2fef103-ff8e-f011-b4cc-7ced8d5a7434
TRUE,MidDevonHoF@example.com,b2fef103-ff8e-f011-b4cc-7ced8d5a7435
TRUE,ExeterHoF@example.com,b2fef103-ff8e-f011-b4cc-7ced8d5a7436
TRUE,EastDevonHoF@example.com,b2fef103-ff8e-f011-b4cc-7ced8d5a7437
TRUE,DevonHoF@example.com,b2fef103-ff8e-f011-b4cc-7ced8d5a7438
TRUE,TewkesburyHoF@example.com,b2fef103-ff8e-f011-b4cc-7ced8d5a7439
TRUE,StroudHoF@example.com,b2fef103-ff8e-f011-b4cc-7ced8d5a7440
TRUE,GloucesterHoF@example.com,b2fef103-ff8e-f011-b4cc-7ced8d5a7441
TRUE,ForestDeanHoF@example.com,b2fef103-ff8e-f011-b4cc-7ced8d5a7442
TRUE,CotswoldHoF@example.com,b2fef103-ff8e-f011-b4cc-7ced8d5a7443
TRUE,CheltenhamHoF@example.com,b2fef103-ff8e-f011-b4cc-7ced8d5a7444
TRUE,GloucestershireHoF@example.com,b2fef103-ff8e-f011-b4cc-7ced8d5a7445
TRUE,NSomersetHoF@example.com,b2fef103-ff8e-f011-b4cc-7ced8d5a7446
TRUE,SGloucestershireHoF@example.com,b2fef103-ff8e-f011-b4cc-7ced8d5a7447
TRUE,SwindonHoF@example.com,b2fef103-ff8e-f011-b4cc-7ced8d5a7448
TRUE,IsleAngleseyHoF@example.com,b2fef103-ff8e-f011-b4cc-7ced8d5a7449
TRUE,ConwyHoF@example.com,b2fef103-ff8e-f011-b4cc-7ced8d5a7450
TRUE,FlintshireHoF@example.com,672eff11-1adc-f011-8544-000d3a2a3d30
TRUE,DenbighshireHoF@example.com,672eff11-1adc-f011-8544-000d3a2a3d31
TRUE,GwyneddHoF@example.com,76a185cc-a8b5-f011-bbd2-000d3a2a3d30
TRUE,WrexhamHoF@example.com,8b946c85-19dc-f011-8544-7c1e5229de98
TRUE,PowysHoF@example.com,948b36ae-a8b5-f011-bbd2-000d3a2a3d30
TRUE,CeredigionHoF@example.com,30df0975-da43-f111-88b4-000d3a495719
TRUE,PembrokeshireHoF@example.com,30df0975-da43-f111-88b4-000d3a495720
TRUE,CarmarthenshireHoF@example.com,30df0975-da43-f111-88b4-000d3a495721
TRUE,NeathPortTalbotHoF@example.com,30df0975-da43-f111-88b4-000d3a495722
TRUE,andSwanseaHoF@example.com,c0b6137d-d934-f111-88b4-000d3a495719
TRUE,MerthyrTydfilHoF@example.com,c0b6137d-d934-f111-88b4-000d3a495720
TRUE,BlaenauGwentHoF@example.com,c0b6137d-d934-f111-88b4-000d3a495721
TRUE,MonmouthshireHoF@example.com,c0b6137d-d934-f111-88b4-000d3a495722
TRUE,TorfaenHoF@example.com,c9ad047b-da43-f111-88b4-000d3a495719
TRUE,CaerphillyHoF@example.com,5a1e44e1-a8b5-f011-bbd2-7c1e5229d3d5
TRUE,RhonddaCynonTafHoF@example.com,5a1e44e1-a8b5-f011-bbd2-7c1e5229d3d6
TRUE,BridgendHoF@example.com,5a1e44e1-a8b5-f011-bbd2-7c1e5229d3d7
TRUE,NewportHoF@example.com,5a1e44e1-a8b5-f011-bbd2-7c1e5229d3d8
TRUE,CardiffHoF@example.com,5a1e44e1-a8b5-f011-bbd2-7c1e5229d3d9
TRUE,ValeGlamorganHoF@example.com,c9ad047b-da43-f111-88b4-000d3a495702
TRUE,ShetlandIslandsHoF@example.com,c9ad047b-da43-f111-88b4-000d3a495703
TRUE,OrkneyIslandsHoF@example.com,c9ad047b-da43-f111-88b4-000d3a495704
TRUE,ComhairlenanEileanSiarHoF@example.com,c9ad047b-da43-f111-88b4-000d3a495705
TRUE,TheHighlandHoF@example.com,c9ad047b-da43-f111-88b4-000d3a495706
TRUE,TheMorayHoF@example.com,c9ad047b-da43-f111-88b4-000d3a495707
TRUE,AberdeenshireHoF@example.com,c9ad047b-da43-f111-88b4-000d3a495708
TRUE,AberdeenHoF@example.com,c9ad047b-da43-f111-88b4-000d3a495709
TRUE,AngusHoF@example.com,c9ad047b-da43-f111-88b4-000d3a495720
TRUE,PerthandKinrossHoF@example.com,c9ad047b-da43-f111-88b4-000d3a495721
TRUE,ArgyllandButeHoF@example.com,c9ad047b-da43-f111-88b4-000d3a495722
TRUE,StirlingHoF@example.com,c9ad047b-da43-f111-88b4-000d3a495723
TRUE,DundeeHoF@example.com,c9ad047b-da43-f111-88b4-000d3a495724
TRUE,FifeHoF@example.com,c9ad047b-da43-f111-88b4-000d3a495725
TRUE,ClackmannanshireHoF@example.com,c9ad047b-da43-f111-88b4-000d3a495726
TRUE,FalkirkHoF@example.com,ec46116f-da43-f111-88b4-000d3a495719
TRUE,EastDunbartonshireHoF@example.com,ec46116f-da43-f111-88b4-000d3a495720
TRUE,WestDunbartonshireHoF@example.com,ec46116f-da43-f111-88b4-000d3a495721
TRUE,InverclydeHoF@example.com,ec46116f-da43-f111-88b4-000d3a495722
TRUE,NLanarkshireHoF@example.com,ec46116f-da43-f111-88b4-000d3a495723
TRUE,GlasgowHoF@example.com,ec46116f-da43-f111-88b4-000d3a495724
TRUE,WestLothianHoF@example.com,ec46116f-da43-f111-88b4-000d3a495725
TRUE,EdinburghHoF@example.com,ec46116f-da43-f111-88b4-000d3a495726
TRUE,MidlothianHoF@example.com,ec46116f-da43-f111-88b4-000d3a495727
TRUE,EastLothianHoF@example.com,ec46116f-da43-f111-88b4-000d3a495728
TRUE,RenfrewshireHoF@example.com,ec46116f-da43-f111-88b4-000d3a495729
TRUE,NAyrshireHoF@example.com,ec46116f-da43-f111-88b4-000d3a495730
TRUE,EastAyrshireHoF@example.com,ec46116f-da43-f111-88b4-000d3a495731
TRUE,EastRenfrewshireHoF@example.com,ec46116f-da43-f111-88b4-000d3a495732
TRUE,SLanarkshireHoF@example.com,ec46116f-da43-f111-88b4-000d3a495733
TRUE,ScottishBordersHoF@example.com,ec46116f-da43-f111-88b4-000d3a495734
TRUE,SAyrshireHoF@example.com,ec46116f-da43-f111-88b4-000d3a495735
TRUE,DumfriesHoF@example.com,ec46116f-da43-f111-88b4-000d3a495736
TRUE,AntrimHoF@example.com,ec46116f-da43-f111-88b4-000d3a495737
TRUE,ArdsandNDownHoF@example.com,ec46116f-da43-f111-88b4-000d3a495738
TRUE,BelfastHoF@example.com,ec46116f-da43-f111-88b4-000d3a495739
TRUE,LisburnHoF@example.com,ec46116f-da43-f111-88b4-000d3a495740
TRUE,MidandEastAntrimHoF@example.com,ec46116f-da43-f111-88b4-000d3a495741
TRUE,NewryHoF@example.com,ec46116f-da43-f111-88b4-000d3a495742
TRUE,ArmaghHoF@example.com,ec46116f-da43-f111-88b4-000d3a495743
TRUE,CausewayCoastHoF@example.com,ec46116f-da43-f111-88b4-000d3a495744
TRUE,DerryHoF@example.com,ec46116f-da43-f111-88b4-000d3a495745
TRUE,FermanaghHoF@example.com,ec46116f-da43-f111-88b4-000d3a495746
TRUE,MidUlsterHoF@example.com,ec46116f-da43-f111-88b4-000d3a495747
TRUE,DurhamHoF@example.com,ec46116f-da43-f111-88b4-000d3a495748
TRUE,NumberlandHoF@example.com,ec46116f-da43-f111-88b4-000d3a495749
TRUE,CheshireEastHoF@example.com,ec46116f-da43-f111-88b4-000d3a495750
TRUE,CheshireWestHoF@example.com,ec46116f-da43-f111-88b4-000d3a495751
TRUE,ShropshireHoF@example.com,ec46116f-da43-f111-88b4-000d3a495752
TRUE,CentralBedfordshireHoF@example.com,ec46116f-da43-f111-88b4-000d3a495753
TRUE,BedfordHoF@example.com,ec46116f-da43-f111-88b4-000d3a495754
TRUE,CornwallHoF@example.com,ec46116f-da43-f111-88b4-000d3a495755
TRUE,WiltshireHoF@example.com,ec46116f-da43-f111-88b4-000d3a495756
TRUE,SomersetHoF@example.com,ec46116f-da43-f111-88b4-000d3a495757
TRUE,EastSuffolkHoF@example.com,ec46116f-da43-f111-88b4-000d3a495758
TRUE,WestSuffolkHoF@example.com,ec46116f-da43-f111-88b4-000d3a495759
TRUE,BournemouthHoF@example.com,ec46116f-da43-f111-88b4-000d3a495760
TRUE,DorsetHoF@example.com,ec46116f-da43-f111-88b4-000d3a495761
TRUE,WestNamptonshireHoF@example.com,ec46116f-da43-f111-88b4-000d3a495762
TRUE,NNamptonshireHoF@example.com,ec46116f-da43-f111-88b4-000d3a495763
TRUE,BuckinghamshireHoF@example.com,ec46116f-da43-f111-88b4-000d3a495764
TRUE,CumberlandHoF@example.com,ec46116f-da43-f111-88b4-000d3a495765
TRUE,WestmorlandandFurnessHoF@example.com,ec46116f-da43-f111-88b4-000d3a495766
TRUE,NYorkshireHoF@example.com,ec46116f-da43-f111-88b4-000d3a495767
