accountName,accountNumber,sortCode,requesterEmail,localAuthority,jpp,organizationId
Stockton-on-Tees Borough Account,87654321,101010,tester1@example.com,Stockton-on-Tees Borough Council,1,d643f08c-da43-f111-88b4-000d3a495620
Redcar and Cleveland Borough Account,87654322,101011,tester2@example.com,Redcar and Cleveland Borough Council,2,d643f08c-da43-f111-88b4-000d3a495621
Middlesbrough Borough Account,87654323,101012,tester3@example.com,Middlesbrough Borough Council,3,d643f08c-da43-f111-88b4-000d3a495622
Hartlepool Borough Account,87654324,101013,tester4a@example.com,Hartlepool Borough Council,4,d643f08c-da43-f111-88b4-000d3a495623
Darlington Borough Account,87654325,101014,tester5a@example.com,Darlington Borough Council,5,d643f08c-da43-f111-88b4-000d3a495624
Sunderland City Account,87654326,101015,tester6@example.com,Sunderland City Council,21,d643f08c-da43-f111-88b4-000d3a495625
South Tyneside Account,87654327,101016,tester7@example.com,South Tyneside Council,22,d643f08c-da43-f111-88b4-000d3a495626
North Tyneside Account,87654328,101017,tester8@example.com,North Tyneside Council,23,d643f08c-da43-f111-88b4-000d3a495627
Newcastle City Account,87654329,101018,tester9@example.com,Newcastle City Council,24,d643f08c-da43-f111-88b4-000d3a495628
Gateshead Metropolitan Borough Account,87654330,101019,tester10@example.com,Gateshead Metropolitan Borough Council,25,d643f08c-da43-f111-88b4-000d3a495629
Warrington Borough Account,87654331,101020,tester11@example.com,Warrington Borough Council,26,d643f08c-da43-f111-88b4-000d3a495630
Halton Borough Account,87654332,101021,tester12@example.com,Halton Borough Council,29,d643f08c-da43-f111-88b4-000d3a495631
Wigan Metropolitan Borough Account,87654333,101022,tester13@example.com,Wigan Metropolitan Borough Council,42,d643f08c-da43-f111-88b4-000d3a495632
Trafford Metropolitan Borough Account,87654334,101023,tester14@example.com,Trafford Metropolitan Borough Council,43,d643f08c-da43-f111-88b4-000d3a495633
Tameside Metropolitan Borough Account,87654335,101024,tester15@example.com,Tameside Metropolitan Borough Council,44,d643f08c-da43-f111-88b4-000d3a495634
Stockport Metropolitan Borough Account,87654336,101025,tester16@example.com,Stockport Metropolitan Borough Council,45,d643f08c-da43-f111-88b4-000d3a495635
Salford City Account,87654337,101026,tester17@example.com,Salford City Council,46,d643f08c-da43-f111-88b4-000d3a495636
Rochdale Metropolitan Borough Account,87654338,101027,tester18@example.com,Rochdale Metropolitan Borough Council,47,d643f08c-da43-f111-88b4-000d3a495637
Oldham Metropolitan Borough Account,87654339,101028,tester19@example.com,Oldham Metropolitan Borough Council,48,d643f08c-da43-f111-88b4-000d3a495638
Manchester City Account,87654340,101029,tester20@example.com,Manchester City Council,49,d643f08c-da43-f111-88b4-000d3a495719
Bury Metropolitan Borough Account,87654341,101030,tester21@example.com,Bury Metropolitan Borough Council,50,d643f08c-da43-f111-88b4-000d3a495720
Bolton Metropolitan Borough Account,87654342,101031,tester22@example.com,Bolton Metropolitan Borough Council,51,d643f08c-da43-f111-88b4-000d3a495721
Greater Manchester Combined Authority,87654343,101032,tester23@example.com,Greater Manchester Combined Authority,52,d643f08c-da43-f111-88b4-000d3a495722
Wyre Borough Account,87654344,101033,tester24@example.com,Wyre Borough Council,53,d643f08c-da43-f111-88b4-000d3a495723
West Lancashire Borough Account,87654345,101034,tester25@example.com,West Lancashire Borough Council,54,d643f08c-da43-f111-88b4-000d3a495724
South Ribble Borough Account,87654346,101035,tester26@example.com,South Ribble Borough Council,55,d643f08c-da43-f111-88b4-000d3a495725
Rossendale Borough Account,87654347,101036,tester27@example.com,Rossendale Borough Council,56,d643f08c-da43-f111-88b4-000d3a495726
Ribble Valley Borough Account,87654348,101037,tester28@example.com,Ribble Valley Borough Council,57,d643f08c-da43-f111-88b4-000d3a495727
Preston City Account,87654349,101038,tester29@example.com,Preston City Council,58,d643f08c-da43-f111-88b4-000d3a495728
Pendle Borough Account,87654350,101039,tester30@example.com,Pendle Borough Council,59,d643f08c-da43-f111-88b4-000d3a495729
Lancaster City Account,87654351,101040,tester31@example.com,Lancaster City Council,60,d643f08c-da43-f111-88b4-000d3a495730
Hyndburn Borough Account,87654352,101041,tester32@example.com,Hyndburn Borough Council,61,d643f08c-da43-f111-88b4-000d3a495731
Fylde Borough Account,87654353,101042,tester33@example.com,Fylde Borough Council,62,d643f08c-da43-f111-88b4-000d3a495732
Chorley Borough Account,87654354,101043,tester34@example.com,Chorley Borough Council,63,d643f08c-da43-f111-88b4-000d3a495733
Burnley Borough Account,87654355,101044,tester35@example.com,Burnley Borough Council,64,d643f08c-da43-f111-88b4-000d3a495734
Blackpool Borough Account,87654356,101045,tester36@example.com,Blackpool Borough Council,65,d643f08c-da43-f111-88b4-000d3a495735
Blackburn with Darwen Borough Account,87654357,101046,tester37@example.com,Blackburn with Darwen Borough Council,66,d643f08c-da43-f111-88b4-000d3a495736
Lancashire County Account,87654358,101047,tester38@example.com,Lancashire County Council,67,d643f08c-da43-f111-88b4-000d3a495737
Wirral Borough Account,87654359,101048,tester39@example.com,Wirral Borough Council,68,d643f08c-da43-f111-88b4-000d3a495738
St Helens Account,87654360,101049,tester40@example.com,St Helens Council,69,d643f08c-da43-f111-88b4-000d3a495739
Sefton Metropolitan Borough Account,87654361,101050,tester41@example.com,Sefton Metropolitan Borough Council,70,d643f08c-da43-f111-88b4-000d3a495740
Liverpool City Account,87654362,101051,tester42@example.com,Liverpool City Council,71,d643f08c-da43-f111-88b4-000d3a495741
Knowsley Metropolitan Borough Account,87654363,101052,tester43@example.com,Knowsley Metropolitan Borough Council,72,d643f08c-da43-f111-88b4-000d3a495742
East Riding of Yorkshire Account,87654364,101053,tester44@example.com,East Riding of Yorkshire Council,74,d643f08c-da43-f111-88b4-000d3a495743
Hull City Account,87654365,101054,tester45@example.com,Hull City Council,75,d643f08c-da43-f111-88b4-000d3a495744
North East Lincolnshire Account,87654366,101055,tester46@example.com,North East Lincolnshire Council,76,d643f08c-da43-f111-88b4-000d3a495745
North Lincolnshire Account,87654367,101056,tester47@example.com,North Lincolnshire Council,77,d643f08c-da43-f111-88b4-000d3a495746
City of York Account,87654368,101057,tester48@example.com,City of York Council,78,d643f08c-da43-f111-88b4-000d3a495747
Sheffield City Account,87654369,101058,tester49@example.com,Sheffield City Council,87,d643f08c-da43-f111-88b4-000d3a495748
Doncaster Metropolitan Borough Account,87654370,101059,tester50@example.com,Doncaster Metropolitan Borough Council,89,d643f08c-da43-f111-88b4-000d3a495749
Barnsley Metropolitan Borough Account,87654371,101060,tester51@example.com,Barnsley Metropolitan Borough Council,90,d643f08c-da43-f111-88b4-000d3a495750
Leeds City Account,87654372,101061,tester52@example.com,Leeds City Council,91,d643f08c-da43-f111-88b4-000d3a495751
Kirklees Account,87654373,101062,tester53@example.com,Kirklees Council,92,d643f08c-da43-f111-88b4-000d3a495752
Wakefield Metropolitan District Account,87654374,101063,tester54@example.com,Wakefield Metropolitan District Council,93,d643f08c-da43-f111-88b4-000d3a495753
City of Bradford Metropolitan District Account,87654375,101064,tester55@example.com,City of Bradford Metropolitan District Council,94,d643f08c-da43-f111-88b4-000d3a495754
Calderdale Metropolitan Borough Account,87654376,101065,tester56@example.com,Calderdale Metropolitan Borough Council,95,d643f08c-da43-f111-88b4-000d3a495755
Derby City Account,87654377,101066,tester57@example.com,Derby City Council,96,d643f08c-da43-f111-88b4-000d3a495756
South Derbyshire District Account,87654378,101067,tester58@example.com,South Derbyshire District Council,97,d643f08c-da43-f111-88b4-000d3a495757
North East Derbyshire District Account,87654379,101068,tester59@example.com,North East Derbyshire District Council,98,d643f08c-da43-f111-88b4-000d3a495758
High Peak Borough Account,87654380,101069,tester60@example.com,High Peak Borough Council,99,d643f08c-da43-f111-88b4-000d3a495759
Erewash Borough Account,87654381,101070,tester61@example.com,Erewash Borough Council,100,d643f08c-da43-f111-88b4-000d3a495760
Derbyshire Dales District Account,87654382,101071,tester62@example.com,Derbyshire Dales District Council,101,d643f08c-da43-f111-88b4-000d3a495761
Chesterfield Borough Account,87654383,101072,tester63@example.com,Chesterfield Borough Council,102,d643f08c-da43-f111-88b4-000d3a495762
Bolsover District Account,87654384,101073,tester64@example.com,Bolsover District Council,103,d643f08c-da43-f111-88b4-000d3a495763
Amber Valley Borough Account,87654385,101074,tester65@example.com,Amber Valley Borough Council,104,d643f08c-da43-f111-88b4-000d3a495764
Derbyshire County Account,87654386,101075,tester66@example.com,Derbyshire County Council,105,d643f08c-da43-f111-88b4-000d3a495765
Rutland County Account,87654387,101076,tester67@example.com,Rutland County Council,106,d643f08c-da43-f111-88b4-000d3a495766
Leicester City Account,87654388,101077,tester68@example.com,Leicester City Council,107,d643f08c-da43-f111-88b4-000d3a495767
Oadby and Wigston Borough Account,87654389,101078,tester69@example.com,Oadby and Wigston Borough Council,108,d643f08c-da43-f111-88b4-000d3a495768
North West Leicestershire District Account,87654390,101079,tester70@example.com,North West Leicestershire District Council,109,d643f08c-da43-f111-88b4-000d3a495769
Melton Borough Account,87654391,101080,tester71@example.com,Melton Borough Council,110,d643f08c-da43-f111-88b4-000d3a495770
Hinckley and Bosworth Borough Account,87654392,101081,tester72@example.com,Hinckley and Bosworth Borough Council,111,d643f08c-da43-f111-88b4-000d3a495771
Harborough District Account,87654393,101082,tester73@example.com,Harborough District Council,112,d643f08c-da43-f111-88b4-000d3a495772
Charnwood Borough Account,87654394,101083,tester74@example.com,Charnwood Borough Council,113,d643f08c-da43-f111-88b4-000d3a495773
Blaby District Account,87654395,101084,tester75@example.com,Blaby District Council,114,d643f08c-da43-f111-88b4-000d3a495774
Leicestershire County Account,87654396,101085,tester76@example.com,Leicestershire County Council,115,d643f08c-da43-f111-88b4-000d3a495775
West Lindsey District Account,87654397,101086,tester77@example.com,West Lindsey District Council,116,d643f08c-da43-f111-88b4-000d3a495776
South Kesteven District Account,87654398,101087,tester78@example.com,South Kesteven District Council,117,d643f08c-da43-f111-88b4-000d3a495777
South Holland District Account,87654399,101088,tester79@example.com,South Holland District Council,118,d643f08c-da43-f111-88b4-000d3a495778
North Kesteven District Account,87654400,101089,tester80@example.com,North Kesteven District Council,119,d643f08c-da43-f111-88b4-000d3a495779
City of Lincoln Account,87654401,101090,tester81@example.com,City of Lincoln Council,120,d643f08c-da43-f111-88b4-000d3a495780
East Lindsey District Account,87654402,101091,tester82@example.com,East Lindsey District Council,121,d643f08c-da43-f111-88b4-000d3a495781
Boston Borough Account,87654403,101092,tester83@example.com,Boston Borough Council,122,d643f08c-da43-f111-88b4-000d3a495782
Lincolnshire County Account,87654404,101093,tester84@example.com,Lincolnshire County Council,123,d643f08c-da43-f111-88b4-000d3a495783
Rushcliffe Borough Account,87654405,101094,tester85@example.com,Rushcliffe Borough Council,132,d643f08c-da43-f111-88b4-000d3a495784
Nottingham City Account,87654406,101095,tester86@example.com,Nottingham City Council,133,d643f08c-da43-f111-88b4-000d3a495785
Newark and Sherwood District Account,87654407,101096,tester87@example.com,Newark and Sherwood District Council,134,d643f08c-da43-f111-88b4-000d3a495786
Mansfield District Account,87654408,101097,tester88@example.com,Mansfield District Council,135,d643f08c-da43-f111-88b4-000d3a495787
Gedling Borough Account,87654409,101098,tester89@example.com,Gedling Borough Council,136,d643f08c-da43-f111-88b4-000d3a495788
Broxtowe Borough Account,87654410,101099,tester90@example.com,Broxtowe Borough Council,137,d643f08c-da43-f111-88b4-000d3a495789
Bassetlaw District Account,87654411,101100,tester91@example.com,Bassetlaw District Council,138,d643f08c-da43-f111-88b4-000d3a495790
Ashfield District Account,87654412,101101,tester92@example.com,Ashfield District Council,139,d643f08c-da43-f111-88b4-000d3a495791
Nottinghamshire County Account,87654413,101102,tester93@example.com,Nottinghamshire County Council,140,d643f08c-da43-f111-88b4-000d3a495792
Wyre Forest District Account,87654414,101103,tester94@example.com,Wyre Forest District Council,141,d643f08c-da43-f111-88b4-000d3a495793
Wychavon District Account,87654415,101104,tester95@example.com,Wychavon District Council,142,d643f08c-da43-f111-88b4-000d3a495794
Worcester City Account,87654416,101105,tester96@example.com,Worcester City Council,143,d643f08c-da43-f111-88b4-000d3a495795
Redditch Borough Account,87654417,101106,tester97@example.com,Redditch Borough Council,145,d643f08c-da43-f111-88b4-000d3a495796
Malvern Hills District Account,87654418,101107,tester98@example.com,Malvern Hills District Council,146,d643f08c-da43-f111-88b4-000d3a495797
Herefordshire Account,87654419,101108,tester99@example.com,Herefordshire Council,148,d643f08c-da43-f111-88b4-000d3a495798
Bromsgrove District Account,87654420,101109,tester100@example.com,Bromsgrove District Council,149,d643f08c-da43-f111-88b4-000d3a495799
Worcestershire County Account,87654421,101110,tester101@example.com,Worcestershire County Council,150,d643f08c-da43-f111-88b4-000d3a495800
Telford & Wrekin Account,87654422,101111,tester102@example.com,Telford & Wrekin Council,151,d643f08c-da43-f111-88b4-000d3a495801
Stoke-on-Trent City Account,87654423,101112,tester103@example.com,Stoke-on-Trent City Council,158,d643f08c-da43-f111-88b4-000d3a495802
Tamworth Borough Account,87654424,101113,tester104@example.com,Tamworth Borough Council,159,d643f08c-da43-f111-88b4-000d3a495803
Staffordshire Moorlands District Account,87654425,101114,tester105@example.com,Staffordshire Moorlands District Council,160,d643f08c-da43-f111-88b4-000d3a495804
Stafford Borough Account,87654426,101115,tester106@example.com,Stafford Borough Council,161,d643f08c-da43-f111-88b4-000d3a495805
South Staffordshire Account,87654427,101116,tester107@example.com,South Staffordshire Council,162,d643f08c-da43-f111-88b4-000d3a495806
Newcastle-under-Lyme Borough Account,87654428,101117,tester108@example.com,Newcastle-under-Lyme Borough Council,163,d643f08c-da43-f111-88b4-000d3a495807
Lichfield District Account,87654429,101118,tester109@example.com,Lichfield District Council,164,d643f08c-da43-f111-88b4-000d3a495808
East Staffordshire Borough Account,87654430,101119,tester110@example.com,East Staffordshire Borough Council,165,d643f08c-da43-f111-88b4-000d3a495809
Cannock Chase District Account,87654431,101120,tester111@example.com,Cannock Chase District Council,166,d643f08c-da43-f111-88b4-000d3a495810
Staffordshire County Account,87654432,101121,tester112@example.com,Staffordshire County Council,167,d643f08c-da43-f111-88b4-000d3a495811
Warwick District Account,87654433,101122,tester113@example.com,Warwick District Council,168,d643f08c-da43-f111-88b4-000d3a495812
Stratford-on-Avon District Account,87654434,101123,tester114@example.com,Stratford-on-Avon District Council,169,d643f08c-da43-f111-88b4-000d3a495813
Rugby Borough Account,87654435,101124,tester115@example.com,Rugby Borough Council,170,d643f08c-da43-f111-88b4-000d3a495814
Nuneaton and Bedworth Borough Account,87654436,101125,tester116@example.com,Nuneaton and Bedworth Borough Council,171,d643f08c-da43-f111-88b4-000d3a495815
North Warwickshire Borough Account,87654437,101126,tester117@example.com,North Warwickshire Borough Council,172,d643f08c-da43-f111-88b4-000d3a495816
Warwickshire County Account,87654438,101127,tester118@example.com,Warwickshire County Council,173,56808f0b-ff8e-f011-b4cb-000d3a28b317
City of Wolverhampton Account,87654439,101128,tester119@example.com,City of Wolverhampton Council,174,56808f0b-ff8e-f011-b4cb-000d3a28b318
Walsall Metropolitan Borough Account,87654440,101129,tester120@example.com,Walsall Metropolitan Borough Council,175,56808f0b-ff8e-f011-b4cb-000d3a28b319
Solihull Metropolitan Borough Account,87654441,101130,tester121@example.com,Solihull Metropolitan Borough Council,176,56808f0b-ff8e-f011-b4cb-000d3a28b320
Sandwell Metropolitan Borough Account,87654442,101131,tester122@example.com,Sandwell Metropolitan Borough Council,177,56808f0b-ff8e-f011-b4cb-000d3a28b321
Dudley Metropolitan Borough Account,87654443,101132,tester123@example.com,Dudley Metropolitan Borough Council,178,56808f0b-ff8e-f011-b4cb-000d3a28b322
Coventry City Account,87654444,101133,tester124@example.com,Coventry City Council,179,56808f0b-ff8e-f011-b4cb-000d3a28b323
Birmingham City Account,87654445,101134,tester125@example.com,Birmingham City Council,180,56808f0b-ff8e-f011-b4cb-000d3a28b324
Luton Borough Account,87654446,101135,tester126@example.com,Luton Borough Council,181,56808f0b-ff8e-f011-b4cb-000d3a28b325
South Cambridgeshire District Account,87654447,101136,tester127@example.com,South Cambridgeshire District Council,186,56808f0b-ff8e-f011-b4cb-000d3a28b326
Peterborough City Account,87654448,101137,tester128@example.com,Peterborough City Council,187,56808f0b-ff8e-f011-b4cb-000d3a28b327
Huntingdonshire District Account,87654449,101138,tester129@example.com,Huntingdonshire District Council,188,56808f0b-ff8e-f011-b4cb-000d3a28b328
Fenland District Account,87654450,101139,tester130@example.com,Fenland District Council,189,56808f0b-ff8e-f011-b4cb-000d3a28b329
East Cambridgeshire District Account,87654451,101140,tester131@example.com,East Cambridgeshire District Council,190,56808f0b-ff8e-f011-b4cb-000d3a28b330
Cambridge City Account,87654452,101141,tester132@example.com,Cambridge City Council,191,56808f0b-ff8e-f011-b4cb-000d3a28b331
Cambridgeshire County Account,87654453,101142,tester133@example.com,Cambridgeshire County Council,192,56808f0b-ff8e-f011-b4cb-000d3a28b332
Thurrock Account,87654454,101143,tester134@example.com,Thurrock Council,193,56808f0b-ff8e-f011-b4cb-000d3a28b333
Southend-on-Sea Borough Account,87654455,101144,tester135@example.com,Southend-on-Sea Borough Council,194,56808f0b-ff8e-f011-b4cb-000d3a28b334
Uttlesford District Account,87654456,101145,tester136@example.com,Uttlesford District Council,195,56808f0b-ff8e-f011-b4cb-000d3a28b335
Tendring District Account,87654457,101146,tester137@example.com,Tendring District Council,196,56808f0b-ff8e-f011-b4cb-000d3a28b336
Rochford District Account,87654458,101147,tester138@example.com,Rochford District Council,197,56808f0b-ff8e-f011-b4cb-000d3a28b337
Maldon District Account,87654459,101148,tester139@example.com,Maldon District Council,198,56808f0b-ff8e-f011-b4cb-000d3a28b338
Harlow District Account,87654460,101149,tester140@example.com,Harlow District Council,199,56808f0b-ff8e-f011-b4cb-000d3a28b339
Epping Forest District Account,87654461,101150,tester141@example.com,Epping Forest District Council,200,56808f0b-ff8e-f011-b4cb-000d3a28b340
Colchester Borough Account,87654462,101151,tester142@example.com,Colchester Borough Council,201,56808f0b-ff8e-f011-b4cb-000d3a28b341
Chelmsford City Account,87654463,101152,tester143@example.com,Chelmsford City Council,202,56808f0b-ff8e-f011-b4cb-000d3a28b342
Castle Point Borough Account,87654464,101153,tester144@example.com,Castle Point Borough Council,203,56808f0b-ff8e-f011-b4cb-000d3a28b343
Brentwood Borough Account,87654465,101154,tester145@example.com,Brentwood Borough Council,204,56808f0b-ff8e-f011-b4cb-000d3a28b344
Braintree District Account,87654466,101155,tester146@example.com,Braintree District Council,205,56808f0b-ff8e-f011-b4cb-000d3a28b345
Basildon Borough Account,87654467,101156,tester147@example.com,Basildon Borough Council,206,56808f0b-ff8e-f011-b4cb-000d3a28b346
Essex County Account,87654468,101157,tester148@example.com,Essex County Council,207,56808f0b-ff8e-f011-b4cb-000d3a28b347
Welwyn Hatfield Borough Account,87654469,101158,tester149@example.com,Welwyn Hatfield Borough Council,208,56808f0b-ff8e-f011-b4cb-000d3a28b348
Watford Borough Account,87654470,101159,tester150@example.com,Watford Borough Council,209,56808f0b-ff8e-f011-b4cb-000d3a28b349
Three Rivers District Account,87654471,101160,tester151@example.com,Three Rivers District Council,210,56808f0b-ff8e-f011-b4cb-000d3a28b350
Stevenage Borough Account,87654472,101161,tester152@example.com,Stevenage Borough Council,211,56808f0b-ff8e-f011-b4cb-000d3a28b351
St Albans City and District Account,87654473,101162,tester153@example.com,St Albans City and District Council,212,56808f0b-ff8e-f011-b4cb-000d3a28b352
North Hertfordshire District Account,87654474,101163,tester154@example.com,North Hertfordshire District Council,213,56808f0b-ff8e-f011-b4cb-000d3a28b353
Hertsmere Borough Account,87654475,101164,tester155@example.com,Hertsmere Borough Council,214,56808f0b-ff8e-f011-b4cb-000d3a28b354
East Hertfordshire District Account,87654476,101165,tester156@example.com,East Hertfordshire District Council,215,56808f0b-ff8e-f011-b4cb-000d3a28b355
Dacorum Borough Account,87654477,101166,tester157@example.com,Dacorum Borough Council,216,56808f0b-ff8e-f011-b4cb-000d3a28b356
Broxbourne Borough Account,87654478,101167,tester158@example.com,Broxbourne Borough Council,217,56808f0b-ff8e-f011-b4cb-000d3a28b357
Hertfordshire County Account,87654479,101168,tester159@example.com,Hertfordshire County Council,218,eb01ffe7-fe8e-f011-b4cb-000d3a477d9a
South Norfolk District Account,87654480,101169,tester160@example.com,South Norfolk District Council,219,eb01ffe7-fe8e-f011-b4cb-000d3a477d8a
Norwich City Account,87654481,101170,tester161@example.com,Norwich City Council,220,eb01ffe7-fe8e-f011-b4cb-000d4a477d9a
North Norfolk District Account,87654482,101171,tester162@example.com,North Norfolk District Council,221,eb01ffe7-fe8e-f011-b4cb-000d0a477d9a
Borough Account of Kings Lynn and West Norfolk,87654483,101172,tester163@example.com,Borough Council of Kings Lynn and West Norfolk,222,eb01ffe7-fe8e-f011-b4cb-000d1a477d9a
Great Yarmouth Borough Account,87654484,101173,tester164@example.com,Great Yarmouth Borough Council,223,eb01ffe7-fe8e-f011-b4cb-000d3a677d9a
Broadland District Account,87654485,101174,tester165@example.com,Broadland District Council,224,eb01ffe7-fe8e-f011-b4cb-000d3a487d9a
Breckland District Account,87654486,101175,tester166@example.com,Breckland District Council,225,eb01ffe7-fe8e-f011-b4cb-000d3a470d9a
Norfolk County Account,87654487,101176,aruna.krishnamurthy+NWAutomation@accentu...,Norfolk County Council,226,b2fef103-ff8e-f011-b4cc-7ced8d5a7314
Mid Suffolk District Account,87654488,101177,tester168@example.com,Mid Suffolk District Council,230,b2fef103-ff8e-f011-b4cc-7ced8d5a7315
Ipswich Borough Account,87654489,101178,tester169@example.com,Ipswich Borough Council,231,b2fef103-ff8e-f011-b4cc-7ced8d5a7316
Babergh District Account,87654490,101179,tester170@example.com,Babergh District Council,233,b2fef103-ff8e-f011-b4cc-7ced8d5a7317
Suffolk County Account,87654491,101180,tester171@example.com,Suffolk County Council,234,b2fef103-ff8e-f011-b4cc-7ced8d5a7318
London Borough of Bexley,87654492,101181,tester172@example.com,London Borough of Bexley,235,b2fef103-ff8e-f011-b4cc-7ced8d5a7319
London Borough of Tower Hamlets,87654493,101182,tester173@example.com,London Borough of Tower Hamlets,236,b2fef103-ff8e-f011-b4cc-7ced8d5a7320
City of London Corporation,87654494,101183,tester174@example.com,City of London Corporation,237,b2fef103-ff8e-f011-b4cc-7ced8d5a7321
City of Westminster,87654495,101184,tester175@example.com,City of Westminster,238,b2fef103-ff8e-f011-b4cc-7ced8d5a7322
London Borough of Redbridge,87654496,101185,tester176@example.com,London Borough of Redbridge,239,b2fef103-ff8e-f011-b4cc-7ced8d5a7323
London Borough of Newham,87654497,101186,tester177@example.com,London Borough of Newham,240,b2fef103-ff8e-f011-b4cc-7ced8d5a7324
London Borough of Havering,87654498,101187,tester178@example.com,London Borough of Havering,241,b2fef103-ff8e-f011-b4cc-7ced8d5a7325
London Borough of Barking and Dagenham,87654499,101188,tester179@example.com,London Borough of Barking and Dagenham,242,b2fef103-ff8e-f011-b4cc-7ced8d5a7326
East London Waste Authority,87654500,101189,tester180@example.com,East London Waste Authority,243,b2fef103-ff8e-f011-b4cc-7ced8d5a7327
London Borough of Waltham Forest,87654501,101190,tester181@example.com,London Borough of Waltham Forest,244,b2fef103-ff8e-f011-b4cc-7ced8d5a7328
London Borough of Islington,87654502,101191,tester182@example.com,London Borough of Islington,245,b2fef103-ff8e-f011-b4cc-7ced8d5a7329
London Borough of Haringey,87654503,101192,tester183@example.com,London Borough of Haringey,246,b2fef103-ff8e-f011-b4cc-7ced8d5a7330
London Borough of Hackney,87654504,101193,tester184@example.com,London Borough of Hackney,247,b2fef103-ff8e-f011-b4cc-7ced8d5a7331
London Borough of Enfield,87654505,101194,tester185@example.com,London Borough of Enfield,248,b2fef103-ff8e-f011-b4cc-7ced8d5a7332
London Borough of Camden,87654506,101195,tester186@example.com,London Borough of Camden,249,b2fef103-ff8e-f011-b4cc-7ced8d5a7333
London Borough of Barnet,87654507,101196,tester187@example.com,London Borough of Barnet,250,b2fef103-ff8e-f011-b4cc-7ced8d5a7334
North London Waste Authority,87654508,101197,tester188@example.com,North London Waste Authority,251,b2fef103-ff8e-f011-b4cc-7ced8d5a7335
London Borough of Southwark,87654509,101198,tester189@example.com,London Borough of Southwark,252,b2fef103-ff8e-f011-b4cc-7ced8d5a7336
London Borough of Lewisham,87654510,101199,tester190@example.com,London Borough of Lewisham,253,b2fef103-ff8e-f011-b4cc-7ced8d5a7337
Royal Borough of Greenwich,87654511,101200,tester191@example.com,Royal Borough of Greenwich,254,b2fef103-ff8e-f011-b4cc-7ced8d5a7338
London Borough of Sutton,87654512,101201,tester192@example.com,London Borough of Sutton,255,b2fef103-ff8e-f011-b4cc-7ced8d5a7339
London Borough of Merton,87654513,101202,tester193@example.com,London Borough of Merton,256,b2fef103-ff8e-f011-b4cc-7ced8d5a7340
Royal Borough of Kingston upon Thames,87654514,101203,tester194@example.com,Royal Borough of Kingston upon Thames,257,b2fef103-ff8e-f011-b4cc-7ced8d5a7341
London Borough of Croydon,87654515,101204,tester195@example.com,London Borough of Croydon,258,b2fef103-ff8e-f011-b4cc-7ced8d5a7342
London Borough of Bromley,87654516,101205,tester196@example.com,London Borough of Bromley,259,b2fef103-ff8e-f011-b4cc-7ced8d5a7343
London Borough of Richmond upon Thames,87654517,101206,tester197@example.com,London Borough of Richmond upon Thames,260,b2fef103-ff8e-f011-b4cc-7ced8d5a7344
London Borough of Hounslow,87654518,101207,tester198@example.com,London Borough of Hounslow,261,b2fef103-ff8e-f011-b4cc-7ced8d5a7345
London Borough of Hillingdon,87654519,101208,tester199@example.com,London Borough of Hillingdon,262,b2fef103-ff8e-f011-b4cc-7ced8d5a7346
London Borough of Harrow,87654520,101209,tester200@example.com,London Borough of Harrow,263,b2fef103-ff8e-f011-b4cc-7ced8d5a7347
London Borough of Ealing,87654521,101210,tester201@example.com,London Borough of Ealing,264,b2fef103-ff8e-f011-b4cc-7ced8d5a7348
London Borough of Brent,87654522,101211,tester202@example.com,London Borough of Brent,265,b2fef103-ff8e-f011-b4cc-7ced8d5a7349
West London Waste Authority,87654523,101212,tester203@example.com,West London Waste Authority,266,b2fef103-ff8e-f011-b4cc-7ced8d5a7350
London Borough of Wandsworth,87654524,101213,tester204@example.com,London Borough of Wandsworth,267,b2fef103-ff8e-f011-b4cc-7ced8d5a7351
London Borough of Lambeth,87654525,101214,tester205@example.com,London Borough of Lambeth,268,b2fef103-ff8e-f011-b4cc-7ced8d5a7352
Royal Borough of Kensington and Chelsea,87654526,101215,tester206@example.com,Royal Borough of Kensington and Chelsea,269,b2fef103-ff8e-f011-b4cc-7ced8d5a7353
London Borough of Hammersmith & Fulham,87654527,101216,tester207@example.com,London Borough of Hammersmith & Fulham,270,b2fef103-ff8e-f011-b4cc-7ced8d5a7354
Western Riverside Waste Authority,87654528,101217,tester208@example.com,Western Riverside Waste Authority,271,b2fef103-ff8e-f011-b4cc-7ced8d5a7355
Wokingham Borough Account,87654529,101218,tester209@example.com,Wokingham Borough Council,272,b2fef103-ff8e-f011-b4cc-7ced8d5a7356
Royal Borough of Windsor and Maidenhead,87654530,101219,tester210@example.com,Royal Borough of Windsor and Maidenhead,273,b2fef103-ff8e-f011-b4cc-7ced8d5a7357
Slough Borough Account,87654531,101220,tester211@example.com,Slough Borough Council,274,b2fef103-ff8e-f011-b4cc-7ced8d5a7358
Reading Borough Account,87654532,101221,tester212@example.com,Reading Borough Council,275,b2fef103-ff8e-f011-b4cc-7ced8d5a7359
West Berkshire Account,87654533,101222,tester213@example.com,West Berkshire Council,276,b2fef103-ff8e-f011-b4cc-7ced8d5a7360
Bracknell Forest Account,87654534,101223,tester214@example.com,Bracknell Forest Council,277,b2fef103-ff8e-f011-b4cc-7ced8d5a7361
Milton Keynes Account,87654535,101224,tester215@example.com,Milton Keynes Council,279,b2fef103-ff8e-f011-b4cc-7ced8d5a7362
Brighton and Hove City Account,87654536,101225,tester216@example.com,Brighton and Hove City Council,285,b2fef103-ff8e-f011-b4cc-7ced8d5a7363
Wealden District Account,87654537,101226,tester217@example.com,Wealden District Council,286,b2fef103-ff8e-f011-b4cc-7ced8d5a7364
Rother District Account,87654538,101227,tester218@example.com,Rother District Council,287,b2fef103-ff8e-f011-b4cc-7ced8d5a7365
Lewes District Account,87654539,101228,tester219@example.com,Lewes District Council,288,b2fef103-ff8e-f011-b4cc-7ced8d5a7366
Hastings Borough Account,87654540,101229,tester220@example.com,Hastings Borough Council,289,b2fef103-ff8e-f011-b4cc-7ced8d5a7367
Eastbourne Borough Account,87654541,101230,tester221@example.com,Eastbourne Borough Council,290,b2fef103-ff8e-f011-b4cc-7ced8d5a7368
East Sussex County Account,87654542,101231,tester222@example.com,East Sussex County Council,291,b2fef103-ff8e-f011-b4cc-7ced8d5a7369
Southampton City Account,87654543,101232,tester223@example.com,Southampton City Council,292,b2fef103-ff8e-f011-b4cc-7ced8d5a7370
Portsmouth City Account,87654544,101233,tester224@example.com,Portsmouth City Council,293,b2fef103-ff8e-f011-b4cc-7ced8d5a7371
Winchester City Account,87654545,101234,tester225@example.com,Winchester City Council,294,b2fef103-ff8e-f011-b4cc-7ced8d5a7372
Test Valley Borough Account,87654546,101235,tester226@example.com,Test Valley Borough Council,295,b2fef103-ff8e-f011-b4cc-7ced8d5a7373
Rushmoor Borough Account,87654547,101236,tester227@example.com,Rushmoor Borough Council,296,b2fef103-ff8e-f011-b4cc-7ced8d5a7374
New Forest District Account,87654548,101237,tester228@example.com,New Forest District Council,297,b2fef103-ff8e-f011-b4cc-7ced8d5a7375
Havant Borough Account,87654549,101238,tester229@example.com,Havant Borough Council,298,b2fef103-ff8e-f011-b4cc-7ced8d5a7376
Hart District Account,87654550,101239,tester230@example.com,Hart District Council,299,b2fef103-ff8e-f011-b4cc-7ced8d5a7377
Gosport Borough Account,87654551,101240,tester231@example.com,Gosport Borough Council,300,b2fef103-ff8e-f011-b4cc-7ced8d5a7378
Fareham Borough Account,87654552,101241,tester232@example.com,Fareham Borough Council,301,b2fef103-ff8e-f011-b4cc-7ced8d5a7379
Eastleigh Borough Account,87654553,101242,tester233@example.com,Eastleigh Borough Council,302,b2fef103-ff8e-f011-b4cc-7ced8d5a7380
East Hampshire District Account,87654554,101243,tester234@example.com,East Hampshire District Council,303,b2fef103-ff8e-f011-b4cc-7ced8d5a7381
Basingstoke and Deane Borough Account,87654555,101244,tester235@example.com,Basingstoke and Deane Borough Council,304,b2fef103-ff8e-f011-b4cc-7ced8d5a7382
Hampshire County Account,87654556,101245,tester236@example.com,Hampshire County Council,305,b2fef103-ff8e-f011-b4cc-7ced8d5a7383
Isle of Wight Account,87654557,101246,tester237@example.com,Isle of Wight Council,306,b2fef103-ff8e-f011-b4cc-7ced8d5a7384
Tunbridge Wells Borough Account,87654558,101247,tester238@example.com,Tunbridge Wells Borough Council,307,b2fef103-ff8e-f011-b4cc-7ced8d5a7385
Tonbridge and Malling Borough Account,87654559,101248,tester239@example.com,Tonbridge and Malling Borough Council,308,b2fef103-ff8e-f011-b4cc-7ced8d5a7386
Thanet District Account,87654560,101249,tester240@example.com,Thanet District Council,309,b2fef103-ff8e-f011-b4cc-7ced8d5a7387
Swale Borough Account,87654561,101250,tester241@example.com,Swale Borough Council,310,b2fef103-ff8e-f011-b4cc-7ced8d5a7388
Folkestone and Hythe District Account,87654562,101251,tester242@example.com,Folkestone and Hythe District Council,311,b2fef103-ff8e-f011-b4cc-7ced8d5a7389
Sevenoaks District Account,87654563,101252,tester243@example.com,Sevenoaks District Council,312,b2fef103-ff8e-f011-b4cc-7ced8d5a7390
Medway Account,87654564,101253,tester244@example.com,Medway Council,313,b2fef103-ff8e-f011-b4cc-7ced8d5a7391
Maidstone Borough Account,87654565,101254,tester245@example.com,Maidstone Borough Council,314,b2fef103-ff8e-f011-b4cc-7ced8d5a7392
Gravesham Borough Account,87654566,101255,tester246@example.com,Gravesham Borough Council,315,b2fef103-ff8e-f011-b4cc-7ced8d5a7393
Dover District Account,87654567,101256,tester247@example.com,Dover District Council,317,b2fef103-ff8e-f011-b4cc-7ced8d5a7394
Dartford Borough Account,87654568,101257,tester248@example.com,Dartford Borough Council,318,b2fef103-ff8e-f011-b4cc-7ced8d5a7395
Canterbury City Account,87654569,101258,tester249@example.com,Canterbury City Council,319,b2fef103-ff8e-f011-b4cc-7ced8d5a7396
Ashford Borough Account,87654570,101259,tester250@example.com,Ashford Borough Council,320,b2fef103-ff8e-f011-b4cc-7ced8d5a7397
Kent County Account,87654571,101260,tester251@example.com,Kent County Council,321,b2fef103-ff8e-f011-b4cc-7ced8d5a7398
West Oxfordshire District Account,87654572,101261,tester252@example.com,West Oxfordshire District Council,322,b2fef103-ff8e-f011-b4cc-7ced8d5a7399
Vale of White Horse District Account,87654573,101262,tester253@example.com,Vale of White Horse District Council,323,b2fef103-ff8e-f011-b4cc-7ced8d5a7400
South Oxfordshire District Account,87654574,101263,tester254@example.com,South Oxfordshire District Council,324,b2fef103-ff8e-f011-b4cc-7ced8d5a7401
Oxford City Account,87654575,101264,tester255@example.com,Oxford City Council,325,b2fef103-ff8e-f011-b4cc-7ced8d5a7402
Cherwell District Account,87654576,101265,tester256@example.com,Cherwell District Council,326,b2fef103-ff8e-f011-b4cc-7ced8d5a7403
Oxfordshire County Account,87654577,101266,tester257@example.com,Oxfordshire County Council,327,b2fef103-ff8e-f011-b4cc-7ced8d5a7404
Woking Borough Account,87654578,101267,tester258@example.com,Woking Borough Council,328,b2fef103-ff8e-f011-b4cc-7ced8d5a7405
Waverley Borough Account,87654579,101268,tester259@example.com,Waverley Borough Council,329,b2fef103-ff8e-f011-b4cc-7ced8d5a7406
Tandridge District Account,87654580,101269,tester260@example.com,Tandridge District Council,330,b2fef103-ff8e-f011-b4cc-7ced8d5a7407
Surrey Heath Borough Account,87654581,101270,tester261@example.com,Surrey Heath Borough Council,331,b2fef103-ff8e-f011-b4cc-7ced8d5a7408
Spelthorne Borough Account,87654582,101271,tester262@example.com,Spelthorne Borough Council,332,b2fef103-ff8e-f011-b4cc-7ced8d5a7409
Runnymede Borough Account,87654583,101272,tester263@example.com,Runnymede Borough Council,333,b2fef103-ff8e-f011-b4cc-7ced8d5a7410
Reigate and Banstead Borough Account,87654584,101273,tester264@example.com,Reigate and Banstead Borough Council,334,b2fef103-ff8e-f011-b4cc-7ced8d5a7411
Mole Valley District Account,87654585,101274,tester265@example.com,Mole Valley District Council,335,b2fef103-ff8e-f011-b4cc-7ced8d5a7412
Guildford Borough Account,87654586,101275,tester266@example.com,Guildford Borough Council,336,b2fef103-ff8e-f011-b4cc-7ced8d5a7413
Epsom and Ewell Borough Account,87654587,101276,tester267@example.com,Epsom and Ewell Borough Council,337,b2fef103-ff8e-f011-b4cc-7ced8d5a7414
Elmbridge Borough Account,87654588,101277,tester268@example.com,Elmbridge Borough Council,338,b2fef103-ff8e-f011-b4cc-7ced8d5a7415
Surrey County Account,87654589,101278,tester269@example.com,Surrey County Council,339,b2fef103-ff8e-f011-b4cc-7ced8d5a7416
Worthing Borough Account,87654590,101279,tester270@example.com,Worthing Borough Council,340,b2fef103-ff8e-f011-b4cc-7ced8d5a7417
Mid Sussex District Account,87654591,101280,tester271@example.com,Mid Sussex District Council,341,b2fef103-ff8e-f011-b4cc-7ced8d5a7418
Horsham District Account,87654592,101281,tester272@example.com,Horsham District Council,342,b2fef103-ff8e-f011-b4cc-7ced8d5a7419
Crawley Borough Account,87654593,101282,tester273@example.com,Crawley Borough Council,343,b2fef103-ff8e-f011-b4cc-7ced8d5a7420
Chichester District Account,87654594,101283,tester274@example.com,Chichester District Council,344,b2fef103-ff8e-f011-b4cc-7ced8d5a7421
Arun District Account,87654595,101284,tester275@example.com,Arun District Council,345,b2fef103-ff8e-f011-b4cc-7ced8d5a7422
Adur District Account,87654596,101285,tester276@example.com,Adur District Council,346,b2fef103-ff8e-f011-b4cc-7ced8d5a7423
West Sussex County Account,87654597,101286,dennis.effa.amponsah+HOFnew@accenture.com,West Sussex County Council,347,b2fef103-ff8e-f011-b4cc-7ced8d5a7424
Account of the Isles of Scilly,87654598,101287,tester278@example.com,Council of the Isles of Scilly,348,b2fef103-ff8e-f011-b4cc-7ced8d5a7425
Bath and North East Somerset Account,87654599,101288,tester279@example.com,Bath and North East Somerset Council,349,b2fef103-ff8e-f011-b4cc-7ced8d5a7426
Bristol City Account,87654600,101289,tester280@example.com,Bristol City Council,350,b2fef103-ff8e-f011-b4cc-7ced8d5a7427
West Devon Borough Account,87654601,101290,tester281@example.com,West Devon Borough Council,358,b2fef103-ff8e-f011-b4cc-7ced8d5a7428
Torridge District Account,87654602,101291,tester282@example.com,Torridge District Council,359,b2fef103-ff8e-f011-b4cc-7ced8d5a7429
Torbay Account,87654603,101292,tester283@example.com,Torbay Council,360,b2fef103-ff8e-f011-b4cc-7ced8d5a7430
Teignbridge District Account,87654604,101293,tester284@example.com,Teignbridge District Council,361,b2fef103-ff8e-f011-b4cc-7ced8d5a7431
South Hams District Account,87654605,101294,tester285@example.com,South Hams District Council,362,b2fef103-ff8e-f011-b4cc-7ced8d5a7432
Plymouth City Account,87654606,101295,tester286@example.com,Plymouth City Council,363,b2fef103-ff8e-f011-b4cc-7ced8d5a7433
North Devon District Account,87654607,101296,tester287@example.com,North Devon District Council,364,b2fef103-ff8e-f011-b4cc-7ced8d5a7434
Mid Devon District Account,87654608,101297,tester288@example.com,Mid Devon District Council,365,b2fef103-ff8e-f011-b4cc-7ced8d5a7435
Exeter City Account,87654609,101298,tester289@example.com,Exeter City Council,366,b2fef103-ff8e-f011-b4cc-7ced8d5a7436
East Devon District Account,87654610,101299,tester290@example.com,East Devon District Council,367,b2fef103-ff8e-f011-b4cc-7ced8d5a7437
Devon County Account,87654611,101300,tester291@example.com,Devon County Council,368,b2fef103-ff8e-f011-b4cc-7ced8d5a7438
Tewkesbury Borough Account,87654612,101301,tester292@example.com,Tewkesbury Borough Council,378,b2fef103-ff8e-f011-b4cc-7ced8d5a7439
Stroud District Account,87654613,101302,tester293@example.com,Stroud District Council,379,b2fef103-ff8e-f011-b4cc-7ced8d5a7440
Gloucester City Account,87654614,101303,tester294@example.com,Gloucester City Council,380,b2fef103-ff8e-f011-b4cc-7ced8d5a7441
Forest of Dean District Account,87654615,101304,tester295@example.com,Forest of Dean District Council,381,b2fef103-ff8e-f011-b4cc-7ced8d5a7442
Cotswold District Account,87654616,101305,tester296@example.com,Cotswold District Council,382,b2fef103-ff8e-f011-b4cc-7ced8d5a7443
Cheltenham Borough Account,87654617,101306,tester297@example.com,Cheltenham Borough Council,383,b2fef103-ff8e-f011-b4cc-7ced8d5a7444
Gloucestershire County Account,87654618,101307,tester298@example.com,Gloucestershire County Council,384,b2fef103-ff8e-f011-b4cc-7ced8d5a7445
North Somerset  Account,87654619,101308,tester299@example.com,North Somerset  Council,385,b2fef103-ff8e-f011-b4cc-7ced8d5a7446
South Gloucestershire Account,87654620,101309,tester300@example.com,South Gloucestershire Council,392,b2fef103-ff8e-f011-b4cc-7ced8d5a7447
Swindon Borough Account,87654621,101310,tester301@example.com,Swindon Borough Council,393,b2fef103-ff8e-f011-b4cc-7ced8d5a7448
Isle of Anglesey County Account,87654622,101311,tester302@example.com,Isle of Anglesey County Council,401,b2fef103-ff8e-f011-b4cc-7ced8d5a7449
Conwy County Borough Account,87654623,101312,tester303@example.com,Conwy County Borough Council,402,b2fef103-ff8e-f011-b4cc-7ced8d5a7450
Flintshire County Account,87654624,101313,tester304@example.com,Flintshire County Council,403,672eff11-1adc-f011-8544-000d3a2a3d30
Denbighshire County Account,87654625,101314,tester305@example.com,Denbighshire County Council,404,672eff11-1adc-f011-8544-000d3a2a3d31
Gwynedd Account,87654626,101315,tester306@example.com,Gwynedd Council,405,76a185cc-a8b5-f011-bbd2-000d3a2a3d30
Wrexham County Borough Account,87654627,101316,tester307@example.com,Wrexham County Borough Council,406,8b946c85-19dc-f011-8544-7c1e5229de98
Powys County Account,87654628,101317,tester308@example.com,Powys County Council,407,948b36ae-a8b5-f011-bbd2-000d3a2a3d30
Ceredigion County Account,87654629,101318,tester309@example.com,Ceredigion County Council,408,30df0975-da43-f111-88b4-000d3a495719
Pembrokeshire County Account,87654630,101319,tester310@example.com,Pembrokeshire County Council,409,30df0975-da43-f111-88b4-000d3a495720
Carmarthenshire County Account,87654631,101320,tester311@example.com,Carmarthenshire County Council,410,30df0975-da43-f111-88b4-000d3a495721
Neath Port Talbot County Borough Account,87654632,101321,tester312@example.com,Neath Port Talbot County Borough Council,411,30df0975-da43-f111-88b4-000d3a495722
City and County of Swansea Account,87654633,101322,tester313@example.com,City and County of Swansea Council,412,c0b6137d-d934-f111-88b4-000d3a495719
Merthyr Tydfil County Borough Account,87654634,101323,tester314@example.com,Merthyr Tydfil County Borough Council,413,c0b6137d-d934-f111-88b4-000d3a495720
Blaenau Gwent County Borough Account,87654635,101324,tester315@example.com,Blaenau Gwent County Borough Council,414,c0b6137d-d934-f111-88b4-000d3a495721
Monmouthshire County Account,87654636,101325,tester316@example.com,Monmouthshire County Council,415,c0b6137d-d934-f111-88b4-000d3a495722
Torfaen County Borough Account,87654637,101326,tester317@example.com,Torfaen County Borough Council,416,c9ad047b-da43-f111-88b4-000d3a495719
Caerphilly County Borough Account,87654638,101327,tester318@example.com,Caerphilly County Borough Council,417,5a1e44e1-a8b5-f011-bbd2-7c1e5229d3d5
Rhondda Cynon Taf County Borough Account,87654639,101328,tester319@example.com,Rhondda Cynon Taf County Borough Council,418,5a1e44e1-a8b5-f011-bbd2-7c1e5229d3d6
Bridgend County Borough Account,87654640,101329,tester320@example.com,Bridgend County Borough Council,419,5a1e44e1-a8b5-f011-bbd2-7c1e5229d3d7
Newport City Account,87654641,101330,tester321@example.com,Newport City Council,420,5a1e44e1-a8b5-f011-bbd2-7c1e5229d3d8
City of Cardiff Account,87654642,101331,tester322@example.com,City of Cardiff Council,421,5a1e44e1-a8b5-f011-bbd2-7c1e5229d3d9
Vale of Glamorgan Account,87654643,101332,tester323@example.com,Vale of Glamorgan Council,422,c9ad047b-da43-f111-88b4-000d3a495702
Shetland Islands Account,87654644,101333,tester324@example.com,Shetland Islands Council,501,c9ad047b-da43-f111-88b4-000d3a495703
Orkney Islands Account,87654645,101334,tester325@example.com,Orkney Islands Council,502,c9ad047b-da43-f111-88b4-000d3a495704
Comhairle nan Eilean Siar,87654646,101335,tester326@example.com,Comhairle nan Eilean Siar,503,c9ad047b-da43-f111-88b4-000d3a495705
The Highland Account,87654647,101336,tester327@example.com,The Highland Council,504,c9ad047b-da43-f111-88b4-000d3a495706
The Moray Account,87654648,101337,tester328@example.com,The Moray Council,505,c9ad047b-da43-f111-88b4-000d3a495707
Aberdeenshire Account,87654649,101338,tester329@example.com,Aberdeenshire Council,506,c9ad047b-da43-f111-88b4-000d3a495708
Aberdeen City Account,87654650,101339,tester330@example.com,Aberdeen City Council,507,c9ad047b-da43-f111-88b4-000d3a495709
Angus Account,87654651,101340,tester331@example.com,Angus Council,508,c9ad047b-da43-f111-88b4-000d3a495720
Perth and Kinross Account,87654652,101341,tester332@example.com,Perth and Kinross Council,509,c9ad047b-da43-f111-88b4-000d3a495721
Argyll and Bute Account,87654653,101342,tester333@example.com,Argyll and Bute Council,510,c9ad047b-da43-f111-88b4-000d3a495722
Stirling Account,87654654,101343,tester334@example.com,Stirling Council,511,c9ad047b-da43-f111-88b4-000d3a495723
Dundee City Account,87654655,101344,tester335@example.com,Dundee City Council,512,c9ad047b-da43-f111-88b4-000d3a495724
Fife Account,87654656,101345,tester336@example.com,Fife Council,513,c9ad047b-da43-f111-88b4-000d3a495725
Clackmannanshire Account,87654657,101346,tester337@example.com,Clackmannanshire Council,514,c9ad047b-da43-f111-88b4-000d3a495726
Falkirk Account,87654658,101347,tester338@example.com,Falkirk Council,515,ec46116f-da43-f111-88b4-000d3a495719
East Dunbartonshire Account,87654659,101348,tester339@example.com,East Dunbartonshire Council,516,ec46116f-da43-f111-88b4-000d3a495720
West Dunbartonshire Account,87654660,101349,tester340@example.com,West Dunbartonshire Council,517,ec46116f-da43-f111-88b4-000d3a495721
Inverclyde Account,87654661,101350,tester341@example.com,Inverclyde Council,518,ec46116f-da43-f111-88b4-000d3a495722
North Lanarkshire Account,87654662,101351,tester342@example.com,North Lanarkshire Council,519,ec46116f-da43-f111-88b4-000d3a495723
Glasgow City Account,87654663,101352,tester343@example.com,Glasgow City Council,520,ec46116f-da43-f111-88b4-000d3a495724
West Lothian Account,87654664,101353,tester344@example.com,West Lothian Council,521,ec46116f-da43-f111-88b4-000d3a495725
City of Edinburgh Account,87654665,101354,tester345@example.com,City of Edinburgh Council,522,ec46116f-da43-f111-88b4-000d3a495726
Midlothian Account,87654666,101355,tester346@example.com,Midlothian Council,523,ec46116f-da43-f111-88b4-000d3a495727
East Lothian Account,87654667,101356,tester347@example.com,East Lothian Council,524,ec46116f-da43-f111-88b4-000d3a495728
Renfrewshire Account,87654668,101357,tester348@example.com,Renfrewshire Council,525,ec46116f-da43-f111-88b4-000d3a495729
North Ayrshire Account,87654669,101358,tester349@example.com,North Ayrshire Council,526,ec46116f-da43-f111-88b4-000d3a495730
East Ayrshire Account,87654670,101359,tester350@example.com,East Ayrshire Council,527,ec46116f-da43-f111-88b4-000d3a495731
East Renfrewshire Account,87654671,101360,tester351@example.com,East Renfrewshire Council,528,ec46116f-da43-f111-88b4-000d3a495732
South Lanarkshire Account,87654672,101361,tester352@example.com,South Lanarkshire Council,529,ec46116f-da43-f111-88b4-000d3a495733
Scottish Borders Account,87654673,101362,tester353@example.com,Scottish Borders Council,530,ec46116f-da43-f111-88b4-000d3a495734
South Ayrshire Account,87654674,101363,tester354@example.com,South Ayrshire Council,531,ec46116f-da43-f111-88b4-000d3a495735
Dumfries and Galloway Account,87654675,101364,tester355@example.com,Dumfries and Galloway Council,532,ec46116f-da43-f111-88b4-000d3a495736
Antrim and Newtownabbey Borough Account,87654676,101365,tester356@example.com,Antrim and Newtownabbey Borough Council,650,ec46116f-da43-f111-88b4-000d3a495737
Ards and North Down Borough Account,87654677,101366,tester357@example.com,Ards and North Down Borough Council,651,ec46116f-da43-f111-88b4-000d3a495738
Belfast City Account,87654678,101367,tester358@example.com,Belfast City Council,652,ec46116f-da43-f111-88b4-000d3a495739
Lisburn and Castlereagh City Account,87654679,101368,tester359@example.com,Lisburn and Castlereagh City Council,653,ec46116f-da43-f111-88b4-000d3a495740
Mid and East Antrim Borough Account,87654680,101369,tester360@example.com,Mid and East Antrim Borough Council,654,ec46116f-da43-f111-88b4-000d3a495741
"Newry, Mourne and Down District Account",87654681,101370,tester361@example.com,"Newry, Mourne and Down District Council",655,ec46116f-da43-f111-88b4-000d3a495742
"Armagh City, Banbridge and Craigavon Borough Account",87654682,101371,tester362@example.com,"Armagh City, Banbridge and Craigavon Borough Council",656,ec46116f-da43-f111-88b4-000d3a495743
Causeway Coast and Glens Borough Account,87654683,101372,tester363@example.com,Causeway Coast and Glens Borough Council,657,ec46116f-da43-f111-88b4-000d3a495744
Derry City and Strabane District Account,87654684,101373,tester364@example.com,Derry City and Strabane District Council,658,ec46116f-da43-f111-88b4-000d3a495745
Fermanagh and Omagh District Account,87654685,101374,tester365@example.com,Fermanagh and Omagh District Council,659,ec46116f-da43-f111-88b4-000d3a495746
Mid Ulster District Account,87654686,101375,tester366@example.com,Mid Ulster District Council,660,ec46116f-da43-f111-88b4-000d3a495747
Durham County Account,87654687,101376,tester367@example.com,Durham County Council,701,ec46116f-da43-f111-88b4-000d3a495748
Northumberland County Account,87654688,101377,tester368@example.com,Northumberland County Council,702,ec46116f-da43-f111-88b4-000d3a495749
Cheshire East Account,87654689,101378,tester369@example.com,Cheshire East Council,703,ec46116f-da43-f111-88b4-000d3a495750
Cheshire West and Chester Account,87654690,101379,tester370@example.com,Cheshire West and Chester Council,704,ec46116f-da43-f111-88b4-000d3a495751
Shropshire Account,87654691,101380,tester371@example.com,Shropshire Council,705,ec46116f-da43-f111-88b4-000d3a495752
Central Bedfordshire Account,87654692,101381,tester372@example.com,Central Bedfordshire Council,706,ec46116f-da43-f111-88b4-000d3a495753
Bedford Borough Account,87654693,101382,tester373@example.com,Bedford Borough Council,707,ec46116f-da43-f111-88b4-000d3a495754
Cornwall Account,87654694,101383,tester374@example.com,Cornwall Council,708,ec46116f-da43-f111-88b4-000d3a495755
Wiltshire Account,87654695,101384,tester375@example.com,Wiltshire Council,709,ec46116f-da43-f111-88b4-000d3a495756
Somerset Account,87654696,101385,tester376@example.com,Somerset Council,712,ec46116f-da43-f111-88b4-000d3a495757
East Suffolk Account,87654697,101386,tester377@example.com,East Suffolk Council,714,ec46116f-da43-f111-88b4-000d3a495758
West Suffolk Account,87654698,101387,tester378@example.com,West Suffolk Council,715,ec46116f-da43-f111-88b4-000d3a495759
"Bournemouth, Christchurch and Poole Account",87654699,101388,tester379@example.com,"Bournemouth, Christchurch and Poole Council",716,ec46116f-da43-f111-88b4-000d3a495760
Dorset Account,87654700,101389,tester380@example.com,Dorset Council,717,ec46116f-da43-f111-88b4-000d3a495761
West Northamptonshire Account,87654701,101390,tester381@example.com,West Northamptonshire Council,719,ec46116f-da43-f111-88b4-000d3a495762
North Northamptonshire Account,87654702,101391,tester382@example.com,North Northamptonshire Council,720,ec46116f-da43-f111-88b4-000d3a495763
Buckinghamshire Account,87654703,101392,tester383@example.com,Buckinghamshire Council,721,ec46116f-da43-f111-88b4-000d3a495764
Cumberland Account,87654704,101393,tester384@example.com,Cumberland Council,722,ec46116f-da43-f111-88b4-000d3a495765
Westmorland and Furness Account,87654705,101394,tester385@example.com,Westmorland and Furness Council,723,ec46116f-da43-f111-88b4-000d3a495766
North Yorkshire Account,87654706,101395,tester386@example.com,North Yorkshire Council,724,ec46116f-da43-f111-88b4-000d3a495767
